<?xml version="1.0" encoding="UTF-8"?>
<project-private xmlns="http://www.netbeans.org/ns/project-private/1">
    <editor-bookmarks xmlns="http://www.netbeans.org/ns/editor-bookmarks/2" lastBookmarkId="0"/>
    <open-files xmlns="http://www.netbeans.org/ns/projectui-open-files/2">
        <group>
            <file>file:/C:/Users/NixonOK/Desktop/GitHub/Inventory%20Management%20System%20JavaFX%20FXML%20Netbeans%20Scene%20Builder/src/AddPartInterfaceController.java</file>
            <file>file:/C:/Users/NixonOK/Desktop/GitHub/Inventory%20Management%20System%20JavaFX%20FXML%20Netbeans%20Scene%20Builder/src/AddProductPartInterfaceController.java</file>
            <file>file:/C:/Users/NixonOK/Desktop/GitHub/Inventory%20Management%20System%20JavaFX%20FXML%20Netbeans%20Scene%20Builder/src/AddProductInterfaceController.java</file>
            <file>file:/C:/Users/NixonOK/Desktop/GitHub/Inventory%20Management%20System%20JavaFX%20FXML%20Netbeans%20Scene%20Builder/src/IMSFXMLDocumentController.java</file>
            <file>file:/C:/Users/NixonOK/Desktop/GitHub/Inventory%20Management%20System%20JavaFX%20FXML%20Netbeans%20Scene%20Builder/src/InventoryManagementSystem.java</file>
            <file>file:/C:/Users/NixonOK/Desktop/GitHub/Inventory%20Management%20System%20JavaFX%20FXML%20Netbeans%20Scene%20Builder/src/Part.java</file>
            <file>file:/C:/Users/NixonOK/Desktop/GitHub/Inventory%20Management%20System%20JavaFX%20FXML%20Netbeans%20Scene%20Builder/src/Product.java</file>
            <file>file:/C:/Users/NixonOK/Desktop/GitHub/Inventory%20Management%20System%20JavaFX%20FXML%20Netbeans%20Scene%20Builder/src/AddPartInterface.fxml</file>
            <file>file:/C:/Users/NixonOK/Desktop/GitHub/Inventory%20Management%20System%20JavaFX%20FXML%20Netbeans%20Scene%20Builder/src/AddProductInterface.fxml</file>
        </group>
    </open-files>
</project-private>
